{
	"class_name" : "PinholeCameraParameters",
	"extrinsic" : 
	[
		-0.2126613131238308,
		-0.16695967931989117,
		0.96275626790057689,
		0.0,
		-0.97624525742396262,
		-0.0055196889525807868,
		-0.21659808492017577,
		0.0,
		0.041477261935533805,
		-0.98594827375236382,
		-0.16181977081637847,
		0.0,
		7.0309519553707744,
		7.4669576083447309,
		16.755978191826497,
		1.0
	],
	"intrinsic" : 
	{
		"height" : 1055,
		"intrinsic_matrix" : 
		[
			913.65680099258282,
			0.0,
			0.0,
			0.0,
			913.65680099258282,
			0.0,
			959.5,
			527.0,
			1.0
		],
		"width" : 1920
	},
	"version_major" : 1,
	"version_minor" : 0
}