{
	"class_name" : "PinholeCameraParameters",
	"extrinsic" : 
	[
		-0.32343897999919241,
		-0.11067496256629293,
		0.93975437156633213,
		0.0,
		-0.9460348841228976,
		0.058949083452657251,
		-0.31865812963529988,
		0.0,
		-0.020130182305631454,
		-0.99210687842643319,
		-0.12376880681052368,
		0.0,
		9.7921434637386273,
		7.7052951383922972,
		21.336815565808898,
		1.0
	],
	"intrinsic" : 
	{
		"height" : 1055,
		"intrinsic_matrix" : 
		[
			913.65680099258282,
			0.0,
			0.0,
			0.0,
			913.65680099258282,
			0.0,
			959.5,
			527.0,
			1.0
		],
		"width" : 1920
	},
	"version_major" : 1,
	"version_minor" : 0
}