{
	"class_name" : "PinholeCameraParameters",
	"extrinsic" : 
	[
		-0.28347916126967049,
		-0.40888217490268142,
		0.86744160159211714,
		0.0,
		-0.95701425638533577,
		0.17848385067689226,
		-0.22862027058590345,
		0.0,
		-0.061345563825487961,
		-0.89496306186032171,
		-0.44190252285377496,
		0.0,
		2.3996115511042957,
		5.2599125904800914,
		12.398049733682349,
		1.0
	],
	"intrinsic" : 
	{
		"height" : 720,
		"intrinsic_matrix" : 
		[
			623.53829072479584,
			0.0,
			0.0,
			0.0,
			623.53829072479584,
			0.0,
			639.5,
			359.5,
			1.0
		],
		"width" : 1280
	},
	"version_major" : 1,
	"version_minor" : 0
}